<?xml version="1.0"?>
<archive xmlns="http://rs.tdwg.org/dwc/text/" xmlns:xsi="http://www.w3.org/2001/XMLSchema-instance" xsi:schemaLocation="http://rs.tdwg.org/dwc/text/  http://services.eol.org/schema/dwca/tdwg_dwc_text.xsd">
  <table encoding="UTF-8" fieldsTerminatedBy="\t" linesTerminatedBy="\n" ignoreHeaderLines="1" rowType="http://eol.org/schema/media/Document">
    <files><location>media.txt</location></files>
    <field index="0" term="http://purl.org/dc/terms/identifier"/>
    <field index="1" term="http://rs.tdwg.org/dwc/terms/taxonID"/>
    <field index="2" term="http://purl.org/dc/terms/type"/>
    <field index="3" term="http://rs.tdwg.org/audubon_core/subtype"/>
    <field index="4" term="http://purl.org/dc/terms/format"/>
    <field index="5" term="http://iptc.org/std/Iptc4xmpExt/1.0/xmlns/CVterm"/>
    <field index="6" term="http://purl.org/dc/terms/title"/>
    <field index="7" term="http://purl.org/dc/terms/description"/>
    <field index="8" term="http://rs.tdwg.org/ac/terms/accessURI"/>
    <field index="9" term="http://eol.org/schema/media/thumbnailURL"/>
    <field index="10" term="http://rs.tdwg.org/ac/terms/furtherInformationURL"/>
    <field index="11" term="http://rs.tdwg.org/ac/terms/derivedFrom"/>
    <field index="12" term="http://ns.adobe.com/xap/1.0/CreateDate"/>
    <field index="13" term="http://purl.org/dc/terms/modified"/>
    <field index="14" term="http://purl.org/dc/terms/language"/>
    <field index="15" term="http://ns.adobe.com/xap/1.0/Rating"/>
    <field index="16" term="http://purl.org/dc/terms/audience"/>
    <field index="17" term="http://ns.adobe.com/xap/1.0/rights/UsageTerms"/>
    <field index="18" term="http://purl.org/dc/terms/rights"/>
    <field index="19" term="http://ns.adobe.com/xap/1.0/rights/Owner"/>
    <field index="20" term="http://purl.org/dc/terms/bibliographicCitation"/>
    <field index="21" term="http://purl.org/dc/terms/publisher"/>
    <field index="22" term="http://purl.org/dc/terms/contributor"/>
    <field index="23" term="http://purl.org/dc/terms/creator"/>
    <field index="24" term="http://eol.org/schema/agent/agentID"/>
    <field index="25" term="http://iptc.org/std/Iptc4xmpExt/1.0/xmlns/LocationCreated"/>
    <field index="26" term="http://purl.org/dc/terms/spatial"/>
    <field index="27" term="http://www.w3.org/2003/01/geo/wgs84_pos#lat"/>
    <field index="28" term="http://www.w3.org/2003/01/geo/wgs84_pos#long"/>
    <field index="29" term="http://www.w3.org/2003/01/geo/wgs84_pos#alt"/>
    <field index="30" term="http://eol.org/schema/reference/referenceID"/>
  </table>
  <table encoding="UTF-8" fieldsTerminatedBy="\t" linesTerminatedBy="\n" ignoreHeaderLines="1" rowType="http://rs.tdwg.org/dwc/terms/Taxon">
    <files><location>taxa.txt</location></files>
    <field index="0" term="http://rs.tdwg.org/dwc/terms/taxonID"/>
    <field index="1" term="http://rs.tdwg.org/dwc/terms/scientificName"/>
    <field index="2" term="http://rs.tdwg.org/dwc/terms/parentNameUsageID"/>
    <field index="3" term="http://rs.tdwg.org/dwc/terms/kingdom"/>
    <field index="4" term="http://rs.tdwg.org/dwc/terms/phylum"/>
    <field index="5" term="http://rs.tdwg.org/dwc/terms/class"/>
    <field index="6" term="http://rs.tdwg.org/dwc/terms/order"/>
    <field index="7" term="http://rs.tdwg.org/dwc/terms/family"/>
    <field index="8" term="http://rs.tdwg.org/dwc/terms/genus"/>
    <field index="9" term="http://rs.tdwg.org/dwc/terms/taxonRank"/>
    <field index="10" term="http://rs.tdwg.org/ac/terms/furtherInformationURL"/>
    <field index="11" term="http://rs.tdwg.org/dwc/terms/taxonomicStatus"/>
    <field index="12" term="http://rs.tdwg.org/dwc/terms/taxonRemarks"/>
    <field index="13" term="http://rs.tdwg.org/dwc/terms/namePublishedIn"/>
    <field index="14" term="http://eol.org/schema/reference/referenceID"/>
  </table>
  <table encoding="UTF-8" fieldsTerminatedBy="\t" linesTerminatedBy="\n" ignoreHeaderLines="1" rowType="http://rs.gbif.org/terms/1.0/VernacularName">
    <files><location>common names.txt</location></files>
    <field index="0" term="http://rs.tdwg.org/dwc/terms/taxonID"/>
    <field index="1" term="http://rs.tdwg.org/dwc/terms/vernacularName"/>
    <field index="2" term="http://purl.org/dc/terms/source"/>
    <field index="3" term="http://purl.org/dc/terms/language"/>
    <field index="4" term="http://rs.tdwg.org/dwc/terms/locality"/>
    <field index="5" term="http://rs.tdwg.org/dwc/terms/countryCode"/>
    <field index="6" term="http://rs.gbif.org/terms/1.0/isPreferredName"/>
    <field index="7" term="http://rs.tdwg.org/dwc/terms/taxonRemarks"/>
  </table>
  <table encoding="UTF-8" fieldsTerminatedBy="\t" linesTerminatedBy="\n" ignoreHeaderLines="1" rowType="http://eol.org/schema/reference/Reference">
    <files><location>references.txt</location></files>
    <field index="0" term="http://purl.org/dc/terms/identifier"/>
    <field index="1" term="http://eol.org/schema/reference/publicationType"/>
    <field index="2" term="http://eol.org/schema/reference/full_reference"/>
    <field index="3" term="http://eol.org/schema/reference/primaryTitle"/>
    <field index="4" term="http://purl.org/dc/terms/title"/>
    <field index="5" term="http://purl.org/ontology/bibo/pages"/>
    <field index="6" term="http://purl.org/ontology/bibo/pageStart"/>
    <field index="7" term="http://purl.org/ontology/bibo/pageEnd"/>
    <field index="8" term="http://purl.org/ontology/bibo/volume"/>
    <field index="9" term="http://purl.org/ontology/bibo/edition"/>
    <field index="10" term="http://purl.org/dc/terms/publisher"/>
    <field index="11" term="http://purl.org/ontology/bibo/authorList"/>
    <field index="12" term="http://purl.org/ontology/bibo/editorList"/>
    <field index="13" term="http://purl.org/dc/terms/created"/>
    <field index="14" term="http://purl.org/dc/terms/language"/>
    <field index="15" term="http://purl.org/ontology/bibo/uri"/>
    <field index="16" term="http://purl.org/ontology/bibo/doi"/>
    <field index="17" term="http://schemas.talis.com/2005/address/schema#localityName"/>
  </table>
  <table encoding="UTF-8" fieldsTerminatedBy="\t" linesTerminatedBy="\n" ignoreHeaderLines="1" rowType="http://eol.org/schema/agent/Agent">
    <files><location>agents.txt</location></files>
    <field index="0" term="http://purl.org/dc/terms/identifier"/>
    <field index="1" term="http://xmlns.com/foaf/spec/#term_name"/>
    <field index="2" term="http://xmlns.com/foaf/spec/#term_firstName"/>
    <field index="3" term="http://xmlns.com/foaf/spec/#term_familyName"/>
    <field index="4" term="http://eol.org/schema/agent/agentRole"/>
    <field index="5" term="http://xmlns.com/foaf/spec/#term_mbox"/>
    <field index="6" term="http://xmlns.com/foaf/spec/#term_homepage"/>
    <field index="7" term="http://xmlns.com/foaf/spec/#term_logo"/>
    <field index="8" term="http://xmlns.com/foaf/spec/#term_currentProject"/>
    <field index="9" term="http://eol.org/schema/agent/organization"/>
    <field index="10" term="http://xmlns.com/foaf/spec/#term_accountName"/>
    <field index="11" term="http://xmlns.com/foaf/spec/#term_openid"/>
  </table>
  <table encoding="UTF-8" fieldsTerminatedBy="\t" linesTerminatedBy="\n" ignoreHeaderLines="1" rowType="http://rs.tdwg.org/dwc/terms/Occurrence">
    <files><location>occurrences.txt</location></files>
    <field index="0" term="http://rs.tdwg.org/dwc/terms/occurrenceID"/>
    <field index="1" term="http://rs.tdwg.org/dwc/terms/taxonID"/>
    <field index="2" term="http://rs.tdwg.org/dwc/terms/eventID"/>
    <field index="3" term="http://rs.tdwg.org/dwc/terms/institutionCode"/>
    <field index="4" term="http://rs.tdwg.org/dwc/terms/collectionCode"/>
    <field index="5" term="http://rs.tdwg.org/dwc/terms/catalogNumber"/>
    <field index="6" term="http://rs.tdwg.org/dwc/terms/sex"/>
    <field index="7" term="http://rs.tdwg.org/dwc/terms/lifeStage"/>
    <field index="8" term="http://rs.tdwg.org/dwc/terms/reproductiveCondition"/>
    <field index="9" term="http://rs.tdwg.org/dwc/terms/behavior"/>
    <field index="10" term="http://rs.tdwg.org/dwc/terms/establishmentMeans"/>
    <field index="11" term="http://rs.tdwg.org/dwc/terms/occurrenceRemarks"/>
    <field index="12" term="http://rs.tdwg.org/dwc/terms/individualCount"/>
    <field index="13" term="http://rs.tdwg.org/dwc/terms/preparations"/>
    <field index="14" term="http://rs.tdwg.org/dwc/terms/fieldNotes"/>
    <field index="15" term="http://rs.tdwg.org/dwc/terms/samplingProtocol"/>
    <field index="16" term="http://rs.tdwg.org/dwc/terms/samplingEffort"/>
    <field index="17" term="http://rs.tdwg.org/dwc/terms/recordedBy"/>
    <field index="18" term="http://rs.tdwg.org/dwc/terms/identifiedBy"/>
    <field index="19" term="http://rs.tdwg.org/dwc/terms/dateIdentified"/>
    <field index="20" term="http://rs.tdwg.org/dwc/terms/eventDate"/>
    <field index="21" term="http://purl.org/dc/terms/modified"/>
    <field index="22" term="http://rs.tdwg.org/dwc/terms/locality"/>
    <field index="23" term="http://rs.tdwg.org/dwc/terms/decimalLatitude"/>
    <field index="24" term="http://rs.tdwg.org/dwc/terms/decimalLongitude"/>
    <field index="25" term="http://rs.tdwg.org/dwc/terms/verbatimLatitude"/>
    <field index="26" term="http://rs.tdwg.org/dwc/terms/verbatimLongitude"/>
    <field index="27" term="http://rs.tdwg.org/dwc/terms/verbatimElevation"/>
  </table>
  <table encoding="UTF-8" fieldsTerminatedBy="\t" linesTerminatedBy="\n" ignoreHeaderLines="1" rowType="http://rs.tdwg.org/dwc/terms/MeasurementOrFact">
    <files><location>measurements or facts.txt</location></files>
    <field index="0" term="http://rs.tdwg.org/dwc/terms/measurementID"/>
    <field index="1" term="http://rs.tdwg.org/dwc/terms/occurrenceID"/>
    <field index="2" term="http://eol.org/schema/measurementOfTaxon"/>
    <field index="3" term="http://eol.org/schema/associationID"/>
    <field index="4" term="http://eol.org/schema/parentMeasurementID"/>
    <field index="5" term="http://rs.tdwg.org/dwc/terms/measurementType"/>
    <field index="6" term="http://rs.tdwg.org/dwc/terms/measurementValue"/>
    <field index="7" term="http://rs.tdwg.org/dwc/terms/measurementUnit"/>
    <field index="8" term="http://rs.tdwg.org/dwc/terms/measurementAccuracy"/>
    <field index="9" term="http://eol.org/schema/terms/statisticalMethod"/>
    <field index="10" term="http://rs.tdwg.org/dwc/terms/measurementDeterminedDate"/>
    <field index="11" term="http://rs.tdwg.org/dwc/terms/measurementDeterminedBy"/>
    <field index="12" term="http://rs.tdwg.org/dwc/terms/measurementMethod"/>
    <field index="13" term="http://rs.tdwg.org/dwc/terms/measurementRemarks"/>
    <field index="14" term="http://purl.org/dc/terms/source"/>
    <field index="15" term="http://purl.org/dc/terms/bibliographicCitation"/>
    <field index="16" term="http://purl.org/dc/terms/contributor"/>
    <field index="17" term="http://eol.org/schema/reference/referenceID"/>
  </table>
  <table encoding="UTF-8" fieldsTerminatedBy="\t" linesTerminatedBy="\n" ignoreHeaderLines="1" rowType="http://eol.org/schema/Association">
    <files><location>associations.txt</location></files>
    <field index="0" term="http://eol.org/schema/associationID"/>
    <field index="1" term="http://rs.tdwg.org/dwc/terms/occurrenceID"/>
    <field index="2" term="http://eol.org/schema/associationType"/>
    <field index="3" term="http://eol.org/schema/targetOccurrenceID"/>
    <field index="4" term="http://rs.tdwg.org/dwc/terms/measurementDeterminedDate"/>
    <field index="5" term="http://rs.tdwg.org/dwc/terms/measurementDeterminedBy"/>
    <field index="6" term="http://rs.tdwg.org/dwc/terms/measurementMethod"/>
    <field index="7" term="http://rs.tdwg.org/dwc/terms/measurementRemarks"/>
    <field index="8" term="http://purl.org/dc/terms/source"/>
    <field index="9" term="http://purl.org/dc/terms/bibliographicCitation"/>
    <field index="10" term="http://purl.org/dc/terms/contributor"/>
    <field index="11" term="http://eol.org/schema/reference/referenceID"/>
  </table>
  <table encoding="UTF-8" fieldsTerminatedBy="\t" linesTerminatedBy="\n" ignoreHeaderLines="1" rowType="http://rs.tdwg.org/dwc/terms/Event">
    <files><location>events.txt</location></files>
    <field index="0" term="http://rs.tdwg.org/dwc/terms/eventID"/>
    <field index="1" term="http://rs.tdwg.org/dwc/terms/locality"/>
    <field index="2" term="http://rs.tdwg.org/dwc/terms/eventRemarks"/>
  </table>
</archive>