<?xml version="1.0"?>
<archive xmlns="http://rs.tdwg.org/dwc/text/" xmlns:xsi="http://www.w3.org/2001/XMLSchema-instance" xsi:schemaLocation="http://rs.tdwg.org/dwc/text/  http://services.eol.org/schema/dwca/tdwg_dwc_text.xsd">
  <table encoding="UTF-8" fieldsTerminatedBy="\t" linesTerminatedBy="\n" ignoreHeaderLines="1" rowType="http://rs.tdwg.org/dwc/terms/Taxon">
    <files>
      <location>taxon.tab</location>
    </files>
    <field index="0" term="http://rs.tdwg.org/dwc/terms/taxonID"/>
    <field index="1" term="http://rs.tdwg.org/dwc/terms/scientificName"/>
    <field index="2" term="http://rs.tdwg.org/dwc/terms/family"/>
    <field index="3" term="http://rs.tdwg.org/dwc/terms/taxonRank"/>
  </table>
  <table encoding="UTF-8" fieldsTerminatedBy="\t" linesTerminatedBy="\n" ignoreHeaderLines="1" rowType="http://eol.org/schema/media/Document">
    <files>
      <location>media_resource.tab</location>
    </files>
    <field index="0" term="http://purl.org/dc/terms/identifier"/>
    <field index="1" term="http://rs.tdwg.org/dwc/terms/taxonID"/>
    <field index="2" term="http://purl.org/dc/terms/type"/>
    <field index="3" term="http://purl.org/dc/terms/format"/>
    <field index="4" term="http://rs.tdwg.org/ac/terms/accessURI"/>
    <field index="5" term="http://rs.tdwg.org/ac/terms/furtherInformationURL"/>
    <field index="6" term="http://ns.adobe.com/xap/1.0/rights/UsageTerms"/>
    <field index="7" term="http://ns.adobe.com/xap/1.0/rights/Owner"/>
  </table>
  <table encoding="UTF-8" fieldsTerminatedBy="\t" linesTerminatedBy="\n" ignoreHeaderLines="1" rowType="http://rs.tdwg.org/dwc/terms/Occurrence">
    <files>
      <location>occurrence.tab</location>
    </files>
    <field index="0" term="http://rs.tdwg.org/dwc/terms/occurrenceID"/>
    <field index="1" term="http://rs.tdwg.org/dwc/terms/taxonID"/>
  </table>
  <table encoding="UTF-8" fieldsTerminatedBy="\t" linesTerminatedBy="\n" ignoreHeaderLines="1" rowType="http://rs.tdwg.org/dwc/terms/MeasurementOrFact">
    <files>
      <location>measurement_or_fact.tab</location>
    </files>
    <field index="0" term="http://rs.tdwg.org/dwc/terms/measurementID"/>
    <field index="1" term="http://rs.tdwg.org/dwc/terms/occurrenceID"/>
    <field index="2" term="http://eol.org/schema/measurementOfTaxon"/>
    <field index="3" term="http://rs.tdwg.org/dwc/terms/measurementType"/>
    <field index="4" term="http://rs.tdwg.org/dwc/terms/measurementValue"/>
    <field index="5" term="http://rs.tdwg.org/dwc/terms/measurementUnit"/>
    <field index="6" term="http://eol.org/schema/terms/statisticalMethod"/>
    <field index="7" term="http://rs.tdwg.org/dwc/terms/measurementRemarks"/>
    <field index="8" term="http://purl.org/dc/terms/source"/>
  </table>
</archive>
